Workbook

Sheet 상세 WBS
A2: 우리 개와 끝까지 함께 — 2인 WBS
A3: 2026.09.24~09.30 | 9/27 앱·시연 완료 · 9/28~29 제출자료 제작 · 9/30 제출
A5: 전체 작업 | B5: =COUNTA(A8:A41) -> 34 | C5: 완료 작업 | D5: =COUNTIFS(G8:G41,"완료") -> 0 | E5: 완료율 | F5: =D5/B5 -> 0 | G5: 상태·완료일·메모 입력
A7: WBS | B7: 마감일 | C7: 분류 | D7: 작업 | E7: 담당 | F7: 완료 기준·산출물 | G7: 상태 | H7: 실제 완료일 | I7: 메모·증빙 위치
A8: 1.1 | B8: 46289 | C8: 착수 | D8: 필수 기능·역할·완료 기준 확정 | E8: 공동 | F8: 기존 대전 앱 기준의 필수/제외 기능 목록, A/B 담당 확정 | G8: 미착수
A9: 1.2 | B9: 46289 | C9: 개발 | D9: 기존 앱 실행 및 미완성 기능 점검 | E9: A | F9: 입력→추천→상세→저장 흐름별 수정 목록과 우선순위 | G9: 미착수
A10: 1.3 | B10: 46289 | C10: 개발 | D10: 실제 데이터·지도·경로 API 연결 점검 | E10: A | F10: 실제 모드 실행 확인, 연결 오류와 필요한 설정 목록 | G10: 미착수
A11: 1.4 | B11: 46289 | C11: 데이터 | D11: 지역 선정 자료와 분석 기준 점검 | E11: B | F11: 비교 지역·기간·행정단위·지표 확정, 보완자료 목록 | G11: 미착수
A12: 1.5 | B12: 46289 | C12: 데이터·검증 | D12: 장소 조사 목록·외부 평가 일정 확보 | E12: B | F12: 숙소·식당·체험 조사표, 보호자 2명 9/27 오전 참여 목표 | G12: 미착수
A13: 1.6 | B13: 46289 | C13: 제출 준비 | D13: 공모 양식·신청 항목·파일 규격 확인 | E13: B | F13: 필수서류·서명·첨부 규격 체크리스트. 본문 제작은 9/28부터 | G13: 미착수
A14: 2.1 | B14: 46290 | C14: 개발 | D14: 입력 검증·반려견 조건 판정 보완 | E14: A | F14: 개별 체중·마릿수·경계값·규정 누락 처리 | G14: 미착수
A15: 2.2 | B15: 46290 | C15: 개발 | D15: 당일·숙박 코스와 이동시간 계산 완성 | E15: A | F15: 일수별 구성, 출발/종료 포함 경로, 최종 코스 1개, 후보 부족 처리 | G15: 미착수
A16: 2.3 | B16: 46290 | C16: 데이터 | D16: 실제 장소·동반 규정 검토본 전달 | E16: B | F16: 공식 출처·확인일·객실/공간/프로그램별 규정. A에게 적재본 전달 | G16: 미착수
A17: 2.4 | B17: 46290 | C17: 분석 | D17: 지역 비교 결과·대전 선정 근거 확정 | E17: B | F17: 분석 결과표, 선정/제외 이유, 기간·비교단위·API 등록 편차 한계 | G17: 미착수
A18: 2.5 | B18: 46290 | C18: 검증 준비 | D18: 평가 사례·정답·사용자 과제 확정 | E18: B | F18: 개발용 약 10건과 최종 평가 약 30건 분리. 비교 과제·기록지 잠금 | G18: 미착수
A19: 3.1 | B19: 46291 | C19: 개발 | D19: 결과·장소 변경·저장·문의 기능 통합 | E19: A | F19: 실제 데이터로 전체 흐름 연결, 출처·미확인·오류 안내 표시 | G19: 미착수
... A41: 7.4 | B41: 46295 | C41: 백업 | D41: 제출본·접수 증빙 백업 | E41: A | F41: 제출 당시 파일·앱 버전·접수 확인 자료 보관 | G41: 미착수

Sheet 일별 역할 배분
A2: 9월 24~30일 역할 배분
A3: A: 개발·배포·기술 증빙 B: 데이터·성과검증·제출 서류 공동: 의사결정·교차 검수
A5: 앱·시연 완료 | B5: 46292 | C5: 제출자료: 9/28(월)~9/29(화) | E5: 제출 목표 9/30 11시 · 공식 마감 14시(KST)
A7: 날짜 | B7: 요일 | C7: A — 개발 담당 | D7: B — 데이터·제출 담당 | E7: 당일 완료 기준 | F7: 작업 수 | G7: 완료 수 | H7: 완료율
A8: 46289 | B8: 목 | C8: 앱 점검, 실제 데이터·API 연결 확인 | D8: 지역 분석 기준·장소 조사·외부 평가 일정·공모 규격 확인 | E8: 필수 범위와 보완 목록 확정 | F8: =COUNTIFS('상세 WBS'!$B$8:$B$41,A8) -> 6 | G8: =COUNTIFS('상세 WBS'!$B$8:$B$41,A8,'상세 WBS'!$G$8:$G$41,"완료") -> 0 | H8: =IF(F8=0,"",G8/F8) -> 0
A9: 46290 | B9: 금 | C9: 조건 판정, 코스 생성·경로 계산 완성 | D9: 실제 장소 규정·지역 선정 근거·평가 정답 확정 | E9: 실제 데이터 검토본과 핵심 추천 기능 준비 | F9: =COUNTIFS('상세 WBS'!$B$8:$B$41,A9) -> 5 | G9: =COUNTIFS('상세 WBS'!$B$8:$B$41,A9,'상세 WBS'!$G$8:$G$41,"완료") -> 0 | H9: =IF(F9=0,"",G9/F9) -> 0
A10: 46291 | B10: 토 | C10: 전체 통합·평가 환경 고정, 첫 기술평가 오류 수정 | D10: 고정 기술평가, 사용자 과제 리허설·참여 일정 확인 | E10: 첫 기술평가 결과 보존, 다음 날 사용자 평가 준비 | F10: =COUNTIFS('상세 WBS'!$B$8:$B$41,A10) -> 5 | G10: =COUNTIFS('상세 WBS'!$B$8:$B$41,A10,'상세 WBS'!$G$8:$G$41,"완료") -> 0 | H10: =IF(F10=0,"",G10/F10) -> 0
A11: 46292 | B11: 일 | C11: 오류 수정·회귀 점검, 최종 앱 안정화·시연 제작 | D11: 외부 과제 진행, 성과 수치·한계·원자료 확정 | E11: 앱·시연·성과 원자료 최종 고정 | F11: =COUNTIFS('상세 WBS'!$B$8:$B$41,A11) -> 5 | G11: =COUNTIFS('상세 WBS'!$B$8:$B$41,A11,'상세 WBS'!$G$8:$G$41,"완료") -> 0 | H11: =IF(F11=0,"",G11/F11) -> 0
A12: 46293 | B12: 월 | C12: 구현 구조·기능·시연 설명자료, 본문 통합 검토 | D12: 지역 선정·데이터 활용·성과검증 보고서, 본문 초안 | E12: 활용사례 본문과 증빙 설명 초안 완성 | F12: =COUNTIFS('상세 WBS'!$B$8:$B$41,A12) -> 4 | G12: =COUNTIFS('상세 WBS'!$B$8:$B$41,A12,'상세 WBS'!$G$8:$G$41,"완료") -> 0 | H12: =IF(F12=0,"",G12/F12) -> 0
A13: 46294 | B13: 화 | C13: 증빙 ZIP·백업 정리, 최종 교차 검수 | D13: 서식4 편집, 신청서류·서명·PDF 완성 | E13: 제출 PDF·참고자료 ZIP 최종 완료 | F13: =COUNTIFS('상세 WBS'!$B$8:$B$41,A13) -> 5 | G13: =COUNTIFS('상세 WBS'!$B$8:$B$41,A13,'상세 WBS'!$G$8:$G$41,"완료") -> 0 | H13: =IF(F13=0,"",G13/F13) -> 0
A14: 46295 | B14: 수 | C14: 파일·접속 점검, 접수 확인·백업 | D14: 11시까지 온라인 제출, 접수 확인·오류 대응 | E14: 공식 마감 14시 전 접수 완료 확인 | F14: =COUNTIFS('상세 WBS'!$B$8:$B$41,A14) -> 4 | G14: =COUNTIFS('상세 WBS'!$B$8:$B$41,A14,'상세 WBS'!$G$8:$G$41,"완료") -> 0 | H14: =IF(F14=0,"",G14/F14) -> 0
A17: 운영 기준
A18: 일정 고정 | C18: 9/27까지 앱 안정화·시연 제작·성과 측정 종료. 9/28~29는 확정 자료로 제출물을 제작한다.
A19: 평가 순서 | C19: 9/26 평가 버전 고정 → 기술평가 → 9/27 외부 과제 → 수정·회귀 → 최종 시연·버전 고정. 첫 평가 결과를 보존한다.
A20: 범위 조정 | C20: 실제 장소 15곳 목표, 부족 시 검증 가능한 9곳 안팎으로 축소. 미확인 규정을 허용으로 처리하지 않는다.
A21: 성과 표현 | C21: 날짜 미지정 코스 추천과 실제 예약·현장 이용을 구분한다. 외부 참여자가 없으면 외부 사용성은 미검증으로 표시한다.
A22: 연휴 대응 | C22: 9/24~27 연휴·주말의 업체 회신 지연에 대비한다. 공개 자료로 우선 진행하고 회신 미확보 항목은 제외·미확인 처리한다.
A23: 제출 규격 | C23: 필수: 서식1-1·2·3·4 PDF. 서식1-1·2·3은 두 참가자 서명. 서식4는 2~3쪽·함초롱바탕 11pt·줄간격 160. 참고자료 ZIP.
A24: 상태 입력 | C24: 상세 WBS의 노란 칸에 상태·실제 완료일·메모를 입력한다. 모든 상태는 계획 기준 미착수이며, 완료 수와 완료율은 자동 집계된다.
A27: 참고자료
A28: 공모요강 | C28: (첨부1) (공모요강) 2026 한국관광 데이터랩 활용 경진대회.pdf, 3·5·11~12쪽
A29: 서비스 계획 | C29: https://app.notion.com/p/3da4a247b914813ca624e93797e6f346
A30: 구현 가이드 | C30: https://app.notion.com/p/3e04a247b914812b8349e7052dd002b4
A31: 일정 수정 | C31: 사용자 요청: 9/27 최종 앱 안정화·시연 제작 완료, 월·화 제출자료 제작
A32: 연휴 기준 | C32: 한국천문연구원 2026년 월력요항: https://www.kasi.re.kr/kor/post/newsMaterial/32031
